investor_id,sip_count,average_gap_days,is_at_risk
INV000004,6,85.4,1
INV000008,6,70.4,1
INV000010,6,64.8,1
INV000011,7,40.166666666666664,1
INV000012,8,57.0,1
INV000013,7,55.333333333333336,1
INV000014,7,75.33333333333333,1
INV000023,8,58.57142857142857,1
INV000028,6,93.6,1
INV000029,7,60.666666666666664,1
INV000030,9,47.625,1
INV000033,8,45.57142857142857,1
INV000039,6,68.6,1
INV000045,6,70.6,1
INV000048,9,46.0,1
INV000052,6,36.2,1
INV000056,6,74.8,1
INV000057,8,49.714285714285715,1
INV000069,10,49.111111111111114,1
INV000072,6,83.0,1
INV000073,9,48.25,1
INV000074,8,72.57142857142857,1
INV000075,6,74.8,1
INV000076,6,91.8,1
INV000079,6,65.8,1
INV000081,7,81.33333333333333,1
INV000082,7,83.66666666666667,1
INV000086,10,44.666666666666664,1
INV000087,6,92.8,1
INV000091,8,44.0,1
INV000093,7,55.5,1
INV000094,6,44.8,1
INV000095,6,69.4,1
INV000097,7,54.5,1
INV000101,8,65.0,1
INV000102,8,65.28571428571429,1
INV000103,6,83.4,1
INV000105,8,57.0,1
INV000109,9,46.25,1
INV000113,8,46.0,1
INV000123,7,59.666666666666664,1
INV000128,6,82.0,1
INV000131,7,56.0,1
INV000132,6,71.0,1
INV000133,6,88.2,1
INV000138,6,76.2,1
INV000145,6,89.4,1
INV000146,6,66.8,1
INV000148,9,52.0,1
INV000155,7,37.333333333333336,1
INV000161,7,73.0,1
INV000163,8,61.0,1
INV000164,6,61.8,1
INV000169,7,67.83333333333333,1
INV000173,7,57.666666666666664,1
INV000175,7,83.66666666666667,1
INV000177,8,65.42857142857143,1
INV000180,6,61.8,1
INV000183,9,56.125,1
INV000191,7,56.5,1
INV000194,7,58.0,1
INV000195,6,77.4,1
INV000196,7,69.0,1
INV000201,9,51.125,1
INV000205,8,62.57142857142857,1
INV000210,8,70.71428571428571,1
INV000214,6,94.8,1
INV000217,6,92.0,1
INV000228,9,59.75,1
INV000236,8,67.14285714285714,1
INV000238,6,93.6,1
INV000239,8,48.857142857142854,1
INV000243,6,88.2,1
INV000245,6,92.2,1
INV000249,7,45.5,1
INV000252,6,50.4,1
INV000255,6,48.6,1
INV000256,6,70.2,1
INV000259,6,70.6,1
INV000260,8,59.57142857142857,1
INV000262,8,53.57142857142857,1
INV000263,8,68.42857142857143,1
INV000265,10,53.44444444444444,1
INV000268,7,62.333333333333336,1
INV000279,9,43.375,1
INV000280,9,55.75,1
INV000283,6,68.0,1
INV000287,7,69.83333333333333,1
INV000289,8,62.714285714285715,1
INV000291,6,89.0,1
INV000292,7,46.0,1
INV000293,7,47.0,1
INV000297,6,90.6,1
INV000299,6,85.2,1
INV000304,7,70.0,1
INV000309,8,52.0,1
INV000310,7,75.83333333333333,1
INV000318,6,97.4,1
INV000319,7,73.5,1
INV000321,7,72.83333333333333,1
INV000328,9,37.5,1
INV000331,8,50.714285714285715,1
INV000334,7,25.5,0
INV000335,6,96.0,1
INV000339,6,94.0,1
INV000341,8,54.42857142857143,1
INV000356,6,54.4,1
INV000359,9,54.125,1
INV000363,7,77.0,1
INV000369,6,43.8,1
INV000371,8,59.285714285714285,1
INV000372,7,54.5,1
INV000380,6,97.0,1
INV000388,9,53.625,1
INV000392,7,77.16666666666667,1
INV000395,7,55.666666666666664,1
INV000396,6,83.2,1
INV000399,10,49.55555555555556,1
INV000400,6,62.6,1
INV000403,6,58.2,1
INV000407,6,82.4,1
INV000408,6,46.8,1
INV000412,8,43.714285714285715,1
INV000414,8,66.28571428571429,1
INV000415,7,66.16666666666667,1
INV000418,6,86.8,1
INV000427,7,68.5,1
INV000428,8,52.142857142857146,1
INV000429,6,77.2,1
INV000437,6,97.8,1
INV000440,8,69.57142857142857,1
INV000441,6,60.8,1
INV000444,6,73.2,1
INV000445,9,57.75,1
INV000446,6,38.6,1
INV000449,6,46.8,1
INV000452,9,49.375,1
INV000457,6,91.4,1
INV000460,6,43.4,1
INV000463,7,65.16666666666667,1
INV000466,7,73.33333333333333,1
INV000467,10,56.666666666666664,1
INV000469,7,70.5,1
INV000483,8,70.42857142857143,1
INV000491,6,95.0,1
INV000493,10,47.55555555555556,1
INV000497,7,71.83333333333333,1
INV000499,7,77.83333333333333,1
INV000507,7,70.16666666666667,1
INV000512,9,54.75,1
INV000522,6,100.8,1
INV000524,7,55.0,1
INV000527,6,50.8,1
INV000529,6,59.2,1
INV000531,7,47.0,1
INV000539,7,77.0,1
INV000540,7,73.5,1
INV000543,7,83.66666666666667,1
INV000545,6,80.6,1
INV000546,9,55.0,1
INV000547,6,55.8,1
INV000549,6,96.2,1
INV000553,6,72.0,1
INV000554,6,70.2,1
INV000556,8,52.42857142857143,1
INV000562,6,74.4,1
INV000563,7,76.33333333333333,1
INV000566,7,35.0,0
INV000567,6,63.8,1
INV000568,6,62.4,1
INV000570,8,67.28571428571429,1
INV000573,7,50.833333333333336,1
INV000575,6,71.6,1
INV000578,7,66.83333333333333,1
INV000581,7,78.33333333333333,1
INV000586,7,44.5,1
INV000589,9,59.125,1
INV000591,7,64.5,1
INV000593,6,74.2,1
INV000596,9,51.75,1
INV000597,6,88.6,1
INV000599,7,81.5,1
INV000607,7,66.66666666666667,1
INV000608,6,100.2,1
INV000609,6,47.0,1
INV000612,11,49.3,1
INV000615,7,55.833333333333336,1
INV000624,7,31.666666666666668,0
INV000625,6,86.4,1
INV000630,7,68.66666666666667,1
INV000631,6,54.0,1
INV000634,9,52.25,1
INV000635,6,75.0,1
INV000641,6,54.8,1
INV000642,9,53.5,1
INV000645,6,66.0,1
INV000646,7,62.333333333333336,1
INV000651,6,94.0,1
INV000652,6,93.8,1
INV000657,8,64.71428571428571,1
INV000662,8,66.14285714285714,1
INV000663,6,94.4,1
INV000665,10,36.22222222222222,1
INV000667,6,68.0,1
INV000673,6,92.8,1
INV000675,6,62.8,1
INV000676,11,35.3,1
INV000678,7,63.333333333333336,1
INV000683,9,54.5,1
INV000690,8,56.285714285714285,1
INV000691,6,66.4,1
INV000698,9,52.25,1
INV000699,6,42.8,1
INV000701,7,83.66666666666667,1
INV000707,9,34.375,0
INV000709,7,65.16666666666667,1
INV000710,6,88.6,1
INV000714,9,37.0,1
INV000718,7,57.833333333333336,1
INV000719,7,72.83333333333333,1
INV000724,6,81.2,1
INV000725,7,67.66666666666667,1
INV000734,8,64.0,1
INV000737,6,92.6,1
INV000747,6,84.6,1
INV000750,9,26.5,0
INV000751,9,53.0,1
INV000754,7,72.33333333333333,1
INV000759,7,83.0,1
INV000761,7,75.16666666666667,1
INV000768,8,60.0,1
INV000772,6,46.0,1
INV000774,7,73.66666666666667,1
INV000776,8,59.42857142857143,1
INV000777,6,66.0,1
INV000778,8,59.714285714285715,1
INV000779,6,75.0,1
INV000783,6,89.8,1
INV000785,6,32.6,0
INV000786,9,64.125,1
INV000789,8,55.142857142857146,1
INV000793,8,69.14285714285714,1
INV000803,7,77.16666666666667,1
INV000814,6,94.0,1
INV000822,7,55.5,1
INV000823,7,39.666666666666664,1
INV000827,8,58.285714285714285,1
INV000830,6,72.2,1
INV000833,8,67.28571428571429,1
INV000836,6,84.8,1
INV000843,6,55.6,1
INV000844,7,66.16666666666667,1
INV000847,6,47.8,1
INV000853,10,49.333333333333336,1
INV000854,9,61.25,1
INV000858,9,44.875,1
INV000862,6,91.2,1
INV000864,6,40.8,1
INV000865,9,45.75,1
INV000869,6,65.4,1
INV000873,7,73.5,1
INV000874,9,62.125,1
INV000877,6,59.4,1
INV000881,10,46.111111111111114,1
INV000887,7,65.66666666666667,1
INV000888,7,80.33333333333333,1
INV000893,7,59.5,1
INV000894,6,55.0,1
INV000901,6,54.0,1
INV000907,6,59.2,1
INV000920,6,75.6,1
INV000926,6,80.0,1
INV000929,7,58.166666666666664,1
INV000930,8,32.42857142857143,0
INV000935,9,30.875,0
INV000939,8,60.57142857142857,1
INV000942,7,53.0,1
INV000949,7,67.5,1
INV000950,6,91.0,1
INV000971,7,46.833333333333336,1
INV000974,7,73.5,1
INV000977,10,48.77777777777778,1
INV000979,6,79.8,1
INV000980,8,44.42857142857143,1
INV000981,6,50.4,1
INV000986,7,60.833333333333336,1
INV000994,6,63.8,1
INV001001,8,60.285714285714285,1
INV001002,7,41.666666666666664,1
INV001005,6,93.6,1
INV001008,7,64.66666666666667,1
INV001013,6,96.8,1
INV001017,6,67.0,1
INV001019,9,44.875,1
INV001021,7,68.66666666666667,1
INV001023,8,72.42857142857143,1
INV001025,6,38.8,1
INV001026,6,69.4,1
INV001037,10,42.0,1
INV001039,6,66.2,1
INV001041,7,83.0,1
INV001047,7,66.16666666666667,1
INV001048,8,47.0,1
INV001051,8,54.142857142857146,1
INV001053,8,55.857142857142854,1
INV001055,6,93.2,1
INV001060,9,53.375,1
INV001061,9,51.125,1
INV001063,8,43.285714285714285,1
INV001064,9,59.5,1
INV001069,8,41.285714285714285,1
INV001070,6,97.0,1
INV001092,7,77.33333333333333,1
INV001099,8,26.142857142857142,0
INV001102,7,55.333333333333336,1
INV001115,6,81.4,1
INV001116,9,58.125,1
INV001117,8,61.714285714285715,1
INV001130,7,76.83333333333333,1
INV001137,7,57.0,1
INV001140,6,60.4,1
INV001141,6,97.6,1
INV001142,7,42.833333333333336,1
INV001156,6,102.4,1
INV001160,8,57.57142857142857,1
INV001161,6,80.6,1
INV001163,7,67.33333333333333,1
INV001167,6,96.2,1
INV001170,6,68.2,1
INV001173,6,67.0,1
INV001178,7,79.66666666666667,1
INV001180,6,74.4,1
INV001181,8,67.42857142857143,1
INV001190,6,97.0,1
INV001195,8,53.42857142857143,1
INV001196,6,92.2,1
INV001202,8,58.0,1
INV001206,6,83.6,1
INV001208,7,51.833333333333336,1
INV001210,9,36.875,1
INV001217,8,60.142857142857146,1
INV001219,8,50.857142857142854,1
INV001220,7,77.16666666666667,1
INV001223,7,70.83333333333333,1
INV001234,8,60.57142857142857,1
INV001235,9,59.0,1
INV001237,6,98.0,1
INV001238,7,68.5,1
INV001242,6,69.8,1
INV001251,6,82.0,1
INV001262,7,44.833333333333336,1
INV001274,7,73.33333333333333,1
INV001275,7,66.66666666666667,1
INV001282,6,67.0,1
INV001287,6,92.2,1
INV001288,7,45.666666666666664,1
INV001291,6,76.2,1
INV001295,9,50.75,1
INV001298,7,71.83333333333333,1
INV001299,9,51.25,1
INV001304,6,97.6,1
INV001308,9,54.625,1
INV001310,6,81.2,1
INV001314,10,50.44444444444444,1
INV001315,7,51.833333333333336,1
INV001316,6,92.4,1
INV001317,6,84.8,1
INV001318,10,46.22222222222222,1
INV001326,8,69.42857142857143,1
INV001329,6,68.2,1
INV001331,6,94.2,1
INV001332,7,80.0,1
INV001333,7,78.66666666666667,1
INV001336,8,65.85714285714286,1
INV001348,7,47.833333333333336,1
INV001351,7,70.5,1
INV001355,6,60.2,1
INV001356,6,79.2,1
INV001359,7,72.5,1
INV001361,7,50.5,1
INV001367,6,99.0,1
INV001375,7,78.5,1
INV001376,7,78.66666666666667,1
INV001383,8,56.142857142857146,1
INV001387,9,57.25,1
INV001394,8,63.57142857142857,1
INV001400,6,76.8,1
INV001401,6,68.6,1
INV001406,10,47.666666666666664,1
INV001407,6,45.2,1
INV001415,8,68.14285714285714,1
INV001418,6,88.6,1
INV001419,6,85.8,1
INV001423,8,48.57142857142857,1
INV001428,6,79.4,1
INV001432,6,71.4,1
INV001434,6,80.6,1
INV001442,9,57.125,1
INV001454,7,73.0,1
INV001455,8,64.71428571428571,1
INV001457,6,43.8,1
INV001458,7,59.833333333333336,1
INV001466,6,44.6,1
INV001472,6,79.0,1
INV001482,6,80.6,1
INV001485,9,55.0,1
INV001491,6,98.8,1
INV001497,9,63.0,1
INV001504,9,54.25,1
INV001507,6,86.2,1
INV001510,7,66.83333333333333,1
INV001514,7,51.833333333333336,1
INV001516,6,56.8,1
INV001526,6,50.4,1
INV001530,7,64.66666666666667,1
INV001532,7,56.833333333333336,1
INV001536,7,69.0,1
INV001545,6,92.8,1
INV001547,7,72.16666666666667,1
INV001548,6,80.6,1
INV001550,7,79.0,1
INV001551,6,61.8,1
INV001562,10,44.22222222222222,1
INV001564,8,55.714285714285715,1
INV001569,6,83.4,1
INV001579,7,75.0,1
INV001580,7,45.666666666666664,1
INV001585,6,56.6,1
INV001587,7,65.0,1
INV001597,7,56.0,1
INV001599,6,58.2,1
INV001602,6,93.8,1
INV001603,7,54.5,1
INV001605,8,60.57142857142857,1
INV001606,7,67.66666666666667,1
INV001616,9,53.0,1
INV001623,6,92.0,1
INV001625,6,72.0,1
INV001628,8,51.714285714285715,1
INV001629,7,67.5,1
INV001631,6,57.0,1
INV001636,9,48.875,1
INV001641,6,88.4,1
INV001644,6,65.6,1
INV001645,6,67.6,1
INV001649,10,51.666666666666664,1
INV001651,7,78.66666666666667,1
INV001653,6,55.2,1
INV001654,7,56.0,1
INV001656,8,59.857142857142854,1
INV001662,6,60.2,1
INV001672,9,34.0,0
INV001673,11,49.3,1
INV001680,9,58.875,1
INV001683,7,72.5,1
INV001689,6,83.6,1
INV001690,7,81.16666666666667,1
INV001691,6,82.0,1
INV001694,8,66.14285714285714,1
INV001697,9,62.5,1
INV001699,6,83.2,1
INV001709,6,51.8,1
INV001711,7,65.83333333333333,1
INV001712,6,66.6,1
INV001715,8,68.28571428571429,1
INV001718,6,84.0,1
INV001724,7,69.66666666666667,1
INV001728,8,50.57142857142857,1
INV001737,7,56.833333333333336,1
INV001738,9,47.5,1
INV001739,9,52.5,1
INV001741,6,89.4,1
INV001744,7,78.5,1
INV001752,7,69.33333333333333,1
INV001753,11,42.8,1
INV001757,8,55.57142857142857,1
INV001759,10,49.55555555555556,1
INV001769,6,98.0,1
INV001772,6,95.0,1
INV001775,8,29.142857142857142,0
INV001777,9,57.625,1
INV001778,8,63.57142857142857,1
INV001797,7,79.66666666666667,1
INV001800,7,49.666666666666664,1
INV001802,7,61.666666666666664,1
INV001803,6,59.0,1
INV001804,8,55.857142857142854,1
INV001806,8,60.0,1
INV001809,6,95.6,1
INV001811,9,54.25,1
INV001822,6,19.8,0
INV001823,8,58.142857142857146,1
INV001826,6,51.2,1
INV001828,8,44.42857142857143,1
INV001831,6,72.8,1
INV001837,7,62.833333333333336,1
INV001841,6,56.2,1
INV001853,8,47.42857142857143,1
INV001858,8,55.142857142857146,1
INV001865,7,63.5,1
INV001866,6,58.8,1
INV001870,7,76.0,1
INV001871,7,55.0,1
INV001883,6,99.2,1
INV001885,6,71.2,1
INV001886,9,50.75,1
INV001890,6,102.6,1
INV001891,6,96.4,1
INV001909,8,62.142857142857146,1
INV001912,6,86.4,1
INV001920,7,39.0,1
INV001921,8,68.57142857142857,1
INV001923,7,80.66666666666667,1
INV001924,7,59.166666666666664,1
INV001927,6,58.8,1
INV001929,6,66.2,1
INV001937,8,60.42857142857143,1
INV001938,9,43.0,1
INV001943,6,74.4,1
INV001950,7,60.166666666666664,1
INV001951,7,58.833333333333336,1
INV001954,6,86.8,1
INV001955,6,76.0,1
INV001961,6,83.4,1
INV001969,6,79.2,1
INV001971,8,54.714285714285715,1
INV001972,8,42.42857142857143,1
INV001978,6,83.2,1
INV001979,6,55.4,1
INV001982,6,85.8,1
INV001986,7,47.666666666666664,1
INV001987,7,67.0,1
INV001990,8,45.285714285714285,1
INV001993,6,56.6,1
INV001995,6,48.6,1
INV001997,6,88.6,1
INV002001,6,84.8,1
INV002006,6,73.6,1
INV002010,6,74.6,1
INV002017,7,44.666666666666664,1
INV002018,6,63.6,1
INV002019,6,68.8,1
INV002025,7,55.833333333333336,1
INV002033,7,55.0,1
INV002034,8,69.0,1
INV002037,6,33.2,0
INV002038,6,84.0,1
INV002051,6,78.6,1
INV002052,7,44.166666666666664,1
INV002069,10,47.55555555555556,1
INV002070,7,81.33333333333333,1
INV002083,10,51.666666666666664,1
INV002085,6,65.0,1
INV002090,6,90.2,1
INV002092,7,33.5,0
INV002101,6,80.2,1
INV002102,6,44.8,1
INV002107,8,71.14285714285714,1
INV002111,8,62.42857142857143,1
INV002119,6,78.0,1
INV002121,7,68.5,1
INV002122,7,40.333333333333336,1
INV002127,6,60.2,1
INV002134,7,82.66666666666667,1
INV002138,6,91.8,1
INV002142,9,45.5,1
INV002143,8,63.57142857142857,1
INV002149,8,42.285714285714285,1
INV002150,6,73.6,1
INV002151,9,60.375,1
INV002153,7,67.83333333333333,1
INV002154,6,89.4,1
INV002155,6,78.0,1
INV002157,7,58.5,1
INV002159,6,65.0,1
INV002162,9,58.375,1
INV002166,6,99.2,1
INV002171,7,55.833333333333336,1
INV002177,7,73.0,1
INV002178,8,66.42857142857143,1
INV002179,8,54.142857142857146,1
INV002182,7,70.5,1
INV002185,6,48.4,1
INV002186,7,74.83333333333333,1
INV002187,7,67.83333333333333,1
INV002195,9,49.25,1
INV002196,8,62.142857142857146,1
INV002198,9,43.0,1
INV002199,7,50.833333333333336,1
INV002202,8,70.42857142857143,1
INV002206,7,49.0,1
INV002208,7,71.33333333333333,1
INV002211,7,63.833333333333336,1
INV002216,8,61.714285714285715,1
INV002218,6,67.8,1
INV002219,8,70.85714285714286,1
INV002228,6,68.6,1
INV002229,6,64.6,1
INV002230,8,57.57142857142857,1
INV002232,7,69.16666666666667,1
INV002236,7,73.66666666666667,1
INV002237,7,51.666666666666664,1
INV002240,7,77.83333333333333,1
INV002241,7,65.66666666666667,1
INV002251,6,62.6,1
INV002256,6,75.6,1
INV002259,7,45.333333333333336,1
INV002260,6,77.8,1
INV002265,7,63.166666666666664,1
INV002277,7,67.33333333333333,1
INV002280,7,71.66666666666667,1
INV002282,6,53.2,1
INV002284,6,85.0,1
INV002290,6,61.6,1
INV002294,8,48.714285714285715,1
INV002295,7,64.5,1
INV002298,6,23.2,0
INV002304,10,42.55555555555556,1
INV002315,7,71.83333333333333,1
INV002319,7,60.0,1
INV002322,6,63.4,1
INV002327,6,76.4,1
INV002329,7,57.0,1
INV002342,6,74.2,1
INV002343,9,57.75,1
INV002347,9,40.5,1
INV002348,6,94.4,1
INV002349,6,52.2,1
INV002351,6,77.2,1
INV002357,7,68.33333333333333,1
INV002360,9,56.125,1
INV002361,6,55.4,1
INV002367,7,52.5,1
INV002368,7,61.166666666666664,1
INV002369,6,60.0,1
INV002370,7,70.16666666666667,1
INV002372,6,95.2,1
INV002373,8,70.14285714285714,1
INV002374,6,21.2,0
INV002384,10,39.111111111111114,1
INV002388,6,33.2,0
INV002389,10,50.77777777777778,1
INV002390,6,47.0,1
INV002391,6,40.2,1
INV002395,6,97.0,1
INV002400,9,55.375,1
INV002401,8,59.142857142857146,1
INV002402,7,47.166666666666664,1
INV002407,7,47.833333333333336,1
INV002409,8,55.57142857142857,1
INV002413,8,53.0,1
INV002415,8,57.42857142857143,1
INV002417,7,83.33333333333333,1
INV002418,6,91.6,1
INV002420,6,72.8,1
INV002422,10,50.333333333333336,1
INV002429,6,78.6,1
INV002434,6,88.2,1
INV002437,7,49.166666666666664,1
INV002445,8,38.142857142857146,1
INV002453,7,63.0,1
INV002458,6,72.4,1
INV002459,8,53.714285714285715,1
INV002463,6,95.4,1
INV002464,6,35.4,1
INV002466,7,80.66666666666667,1
INV002467,8,38.857142857142854,1
INV002471,6,56.4,1
INV002475,10,49.666666666666664,1
INV002476,6,86.0,1
INV002485,6,70.4,1
INV002490,8,70.0,1
INV002495,6,82.2,1
INV002496,6,53.0,1
INV002497,8,67.28571428571429,1
INV002508,9,51.625,1
INV002509,10,33.666666666666664,0
INV002510,7,64.33333333333333,1
INV002521,6,74.6,1
INV002527,7,49.666666666666664,1
INV002530,8,71.42857142857143,1
INV002531,7,76.33333333333333,1
INV002543,7,74.66666666666667,1
INV002547,6,89.0,1
INV002552,10,48.22222222222222,1
INV002554,7,49.666666666666664,1
INV002555,7,72.0,1
INV002557,7,67.16666666666667,1
INV002558,6,97.6,1
INV002560,6,95.2,1
INV002563,6,65.8,1
INV002567,6,82.0,1
INV002568,8,61.57142857142857,1
INV002570,7,62.0,1
INV002572,8,55.714285714285715,1
INV002574,6,79.4,1
INV002575,9,56.125,1
INV002579,6,40.8,1
INV002582,6,77.4,1
INV002585,6,65.0,1
INV002586,6,87.2,1
INV002590,10,50.22222222222222,1
INV002591,6,52.2,1
INV002594,6,94.0,1
INV002598,9,51.375,1
INV002602,8,66.0,1
INV002606,6,89.6,1
INV002613,8,65.0,1
INV002622,7,76.66666666666667,1
INV002627,6,85.0,1
INV002628,6,77.0,1
INV002632,8,65.57142857142857,1
INV002640,7,70.0,1
INV002643,6,74.2,1
INV002645,7,45.166666666666664,1
INV002654,8,61.857142857142854,1
INV002659,7,62.333333333333336,1
INV002666,7,53.166666666666664,1
INV002671,7,77.16666666666667,1
INV002673,8,65.0,1
INV002674,6,75.8,1
INV002675,8,63.857142857142854,1
INV002681,7,83.66666666666667,1
INV002684,6,80.6,1
INV002688,9,37.0,1
INV002689,8,50.0,1
INV002693,7,45.833333333333336,1
INV002697,7,55.333333333333336,1
INV002700,7,79.83333333333333,1
INV002704,8,59.142857142857146,1
INV002705,8,22.571428571428573,0
INV002706,6,73.6,1
INV002711,8,65.57142857142857,1
INV002712,11,46.8,1
INV002722,6,61.4,1
INV002723,9,37.75,1
INV002724,6,76.6,1
INV002726,8,45.57142857142857,1
INV002732,8,70.71428571428571,1
INV002733,8,51.57142857142857,1
INV002735,7,68.16666666666667,1
INV002736,6,70.6,1
INV002737,8,58.42857142857143,1
INV002743,6,88.2,1
INV002744,10,52.888888888888886,1
INV002746,8,68.0,1
INV002750,6,72.4,1
INV002751,7,41.5,1
INV002758,6,81.0,1
INV002761,6,80.6,1
INV002766,6,70.6,1
INV002767,7,55.333333333333336,1
INV002769,7,82.0,1
INV002772,7,74.5,1
INV002779,6,64.2,1
INV002783,7,64.0,1
INV002786,7,76.33333333333333,1
INV002793,7,59.333333333333336,1
INV002794,7,56.166666666666664,1
INV002799,6,70.8,1
INV002800,7,63.5,1
INV002803,7,64.83333333333333,1
INV002804,8,59.857142857142854,1
INV002808,7,59.666666666666664,1
INV002809,6,81.4,1
INV002810,8,32.285714285714285,0
INV002813,7,49.0,1
INV002822,7,53.0,1
INV002824,7,71.83333333333333,1
INV002826,6,61.6,1
INV002827,6,73.6,1
INV002828,6,80.0,1
INV002831,6,40.2,1
INV002835,7,82.33333333333333,1
INV002838,8,56.714285714285715,1
INV002841,6,43.4,1
INV002843,8,43.142857142857146,1
INV002847,10,52.666666666666664,1
INV002850,7,53.166666666666664,1
INV002852,6,75.8,1
INV002859,7,76.5,1
INV002863,6,74.4,1
INV002865,6,37.2,1
INV002870,6,48.2,1
INV002872,6,85.6,1
INV002873,6,98.2,1
INV002879,7,72.16666666666667,1
INV002881,6,43.6,1
INV002883,6,96.0,1
INV002886,7,44.333333333333336,1
INV002891,8,72.71428571428571,1
INV002893,9,50.0,1
INV002900,6,64.2,1
INV002903,6,89.6,1
INV002904,7,49.333333333333336,1
INV002905,6,73.0,1
INV002906,6,41.2,1
INV002909,7,82.33333333333333,1
INV002912,6,97.0,1
INV002913,7,73.66666666666667,1
INV002915,8,49.285714285714285,1
INV002921,7,53.333333333333336,1
INV002927,8,40.285714285714285,1
INV002935,7,48.0,1
INV002937,7,67.16666666666667,1
INV002939,7,60.5,1
INV002942,9,55.5,1
INV002945,8,65.0,1
INV002947,7,64.16666666666667,1
INV002950,8,45.857142857142854,1
INV002951,7,51.833333333333336,1
INV002961,7,84.66666666666667,1
INV002974,7,51.333333333333336,1
INV002984,6,91.0,1
INV002989,6,86.6,1
INV002994,7,58.166666666666664,1
INV003000,7,67.0,1
INV003003,9,58.25,1
INV003005,8,53.142857142857146,1
INV003007,9,48.25,1
INV003009,9,38.125,1
INV003011,7,64.16666666666667,1
INV003014,6,82.4,1
INV003015,7,54.666666666666664,1
INV003018,6,49.2,1
INV003022,6,69.6,1
INV003024,6,44.2,1
INV003025,8,35.285714285714285,1
INV003028,6,91.4,1
INV003034,6,73.4,1
INV003036,8,57.714285714285715,1
INV003037,7,79.5,1
INV003040,6,74.0,1
INV003043,7,73.83333333333333,1
INV003044,7,71.16666666666667,1
INV003045,6,36.2,1
INV003047,8,70.14285714285714,1
INV003054,7,78.66666666666667,1
INV003060,7,79.0,1
INV003063,7,57.833333333333336,1
INV003070,9,54.5,1
INV003074,6,74.8,1
INV003075,8,57.42857142857143,1
INV003078,7,69.16666666666667,1
INV003082,8,46.42857142857143,1
INV003083,6,66.4,1
INV003089,6,65.0,1
INV003091,9,50.875,1
INV003095,6,86.6,1
INV003097,8,62.714285714285715,1
INV003105,7,65.5,1
INV003112,6,91.6,1
INV003113,8,66.85714285714286,1
INV003115,6,48.0,1
INV003117,8,66.57142857142857,1
INV003134,7,76.83333333333333,1
INV003139,7,55.166666666666664,1
INV003140,8,57.0,1
INV003141,7,67.5,1
INV003144,7,82.5,1
INV003146,9,59.5,1
INV003151,6,81.0,1
INV003153,7,40.666666666666664,1
INV003158,9,55.625,1
INV003161,6,77.4,1
INV003169,6,62.6,1
INV003178,6,56.4,1
INV003179,9,56.25,1
INV003185,6,65.2,1
INV003187,9,58.25,1
INV003189,9,55.125,1
INV003191,6,76.8,1
INV003193,6,96.6,1
INV003196,7,80.33333333333333,1
INV003205,7,67.66666666666667,1
INV003210,6,72.2,1
INV003211,7,69.0,1
INV003214,6,59.8,1
INV003215,7,60.833333333333336,1
INV003219,6,57.2,1
INV003221,7,61.166666666666664,1
INV003222,7,81.5,1
INV003223,8,67.71428571428571,1
INV003228,7,70.16666666666667,1
INV003230,7,67.5,1
INV003231,7,83.0,1
INV003234,6,96.6,1
INV003236,9,51.125,1
INV003242,7,61.0,1
INV003247,6,84.6,1
INV003252,6,67.6,1
INV003256,7,51.0,1
INV003257,6,61.8,1
INV003260,6,89.4,1
INV003262,6,85.2,1
INV003267,6,74.4,1
INV003271,7,61.166666666666664,1
INV003273,8,60.142857142857146,1
INV003277,8,53.714285714285715,1
INV003279,9,63.375,1
INV003289,7,64.83333333333333,1
INV003300,6,64.8,1
INV003301,9,59.375,1
INV003304,10,44.22222222222222,1
INV003308,9,56.75,1
INV003310,6,80.8,1
INV003311,9,48.0,1
INV003314,7,73.5,1
INV003317,8,44.142857142857146,1
INV003320,8,45.285714285714285,1
INV003325,6,101.0,1
INV003329,6,89.0,1
INV003336,7,72.33333333333333,1
INV003338,9,37.5,1
INV003344,6,86.6,1
INV003350,6,92.4,1
INV003351,6,54.0,1
INV003352,8,68.14285714285714,1
INV003357,6,62.4,1
INV003360,8,59.42857142857143,1
INV003370,7,63.333333333333336,1
INV003372,6,59.4,1
INV003374,7,56.5,1
INV003375,8,52.714285714285715,1
INV003376,6,85.8,1
INV003379,7,75.16666666666667,1
INV003380,6,72.4,1
INV003382,6,34.2,0
INV003391,6,56.6,1
INV003393,8,63.714285714285715,1
INV003395,6,79.0,1
INV003398,8,55.42857142857143,1
INV003403,6,56.6,1
INV003404,8,50.285714285714285,1
INV003405,8,41.0,1
INV003406,8,59.0,1
INV003407,8,57.42857142857143,1
INV003422,7,84.66666666666667,1
INV003424,7,73.16666666666667,1
INV003427,6,84.2,1
INV003430,6,73.4,1
INV003431,6,51.4,1
INV003432,7,61.333333333333336,1
INV003435,7,73.83333333333333,1
INV003437,6,91.2,1
INV003448,7,74.5,1
INV003450,10,47.666666666666664,1
INV003455,7,35.5,1
INV003457,7,60.5,1
INV003458,8,67.85714285714286,1
INV003459,6,59.4,1
INV003473,6,95.8,1
INV003475,9,56.0,1
INV003478,9,56.625,1
INV003479,8,65.71428571428571,1
INV003480,6,82.4,1
INV003484,6,73.8,1
INV003487,6,70.6,1
INV003491,9,59.125,1
INV003492,6,90.8,1
INV003495,10,49.22222222222222,1
INV003506,7,67.0,1
INV003509,9,60.875,1
INV003511,8,65.57142857142857,1
INV003514,6,74.2,1
INV003518,6,67.8,1
INV003521,6,89.0,1
INV003524,7,64.16666666666667,1
INV003526,6,88.2,1
INV003528,9,58.625,1
INV003530,6,51.0,1
INV003531,6,76.4,1
INV003534,8,52.714285714285715,1
INV003545,6,90.0,1
INV003556,6,77.6,1
INV003557,6,66.4,1
INV003558,7,39.166666666666664,1
INV003559,10,48.333333333333336,1
INV003562,7,80.5,1
INV003564,8,71.0,1
INV003580,7,72.16666666666667,1
INV003581,8,51.285714285714285,1
INV003582,7,49.333333333333336,1
INV003586,8,54.285714285714285,1
INV003592,6,75.6,1
INV003593,6,78.2,1
INV003598,8,68.0,1
INV003599,6,50.0,1
INV003601,9,45.25,1
INV003604,6,90.2,1
INV003607,6,70.4,1
INV003611,7,68.83333333333333,1
INV003613,8,67.42857142857143,1
INV003619,6,72.0,1
INV003625,6,62.4,1
INV003627,7,59.166666666666664,1
INV003630,7,52.0,1
INV003633,6,78.8,1
INV003634,6,47.8,1
INV003635,10,47.111111111111114,1
INV003641,8,67.0,1
INV003642,7,53.166666666666664,1
INV003645,6,95.2,1
INV003649,6,96.8,1
INV003650,11,33.9,0
INV003654,7,60.5,1
INV003655,10,49.77777777777778,1
INV003658,8,70.71428571428571,1
INV003660,6,79.0,1
INV003669,7,53.5,1
INV003670,8,70.85714285714286,1
INV003672,6,77.2,1
INV003673,8,68.85714285714286,1
INV003678,6,32.8,0
INV003681,9,51.0,1
INV003683,6,92.4,1
INV003684,6,98.2,1
INV003685,6,80.2,1
INV003686,6,96.6,1
INV003693,7,71.33333333333333,1
INV003695,7,51.666666666666664,1
INV003696,6,75.8,1
INV003697,7,76.66666666666667,1
INV003702,7,72.66666666666667,1
INV003705,6,78.8,1
INV003707,6,68.6,1
INV003708,7,60.5,1
INV003709,6,80.2,1
INV003710,6,78.6,1
INV003711,6,72.2,1
INV003712,6,79.6,1
INV003713,7,81.5,1
INV003718,6,91.4,1
INV003720,6,74.6,1
INV003722,7,50.666666666666664,1
INV003723,6,61.8,1
INV003724,7,68.0,1
INV003733,6,88.8,1
INV003734,8,59.0,1
INV003735,8,45.857142857142854,1
INV003736,7,77.16666666666667,1
INV003738,6,50.6,1
INV003740,7,51.833333333333336,1
INV003741,7,67.66666666666667,1
INV003744,6,86.8,1
INV003745,6,70.2,1
INV003748,8,56.142857142857146,1
INV003757,7,81.83333333333333,1
INV003761,8,51.857142857142854,1
INV003766,8,65.28571428571429,1
INV003767,9,47.5,1
INV003771,10,50.77777777777778,1
INV003772,9,34.5,0
INV003775,6,74.0,1
INV003779,6,76.4,1
INV003780,8,57.42857142857143,1
INV003781,7,64.83333333333333,1
INV003785,6,74.2,1
INV003787,9,63.25,1
INV003793,7,72.33333333333333,1
INV003795,7,67.66666666666667,1
INV003811,7,78.66666666666667,1
INV003812,7,50.833333333333336,1
INV003813,6,82.2,1
INV003815,7,72.5,1
INV003824,7,71.5,1
INV003825,6,81.2,1
INV003828,7,30.666666666666668,0
INV003829,10,48.55555555555556,1
INV003830,6,71.4,1
INV003844,7,68.5,1
INV003847,8,50.0,1
INV003849,6,77.2,1
INV003851,7,57.833333333333336,1
INV003860,6,46.0,1
INV003862,7,60.166666666666664,1
INV003865,7,85.16666666666667,1
INV003868,6,87.6,1
INV003872,9,45.375,1
INV003876,6,77.6,1
INV003880,8,68.57142857142857,1
INV003885,6,71.6,1
INV003892,10,55.22222222222222,1
INV003896,6,82.0,1
INV003897,6,71.6,1
INV003903,8,50.285714285714285,1
INV003905,7,62.5,1
INV003906,10,55.111111111111114,1
INV003912,6,68.6,1
INV003913,8,61.42857142857143,1
INV003916,6,67.2,1
INV003920,8,66.85714285714286,1
INV003936,6,89.6,1
INV003938,7,52.5,1
INV003940,7,70.66666666666667,1
INV003943,9,42.5,1
INV003945,7,56.333333333333336,1
INV003946,7,69.16666666666667,1
INV003948,7,43.666666666666664,1
INV003952,7,54.666666666666664,1
INV003958,6,85.6,1
INV003962,8,68.71428571428571,1
INV003964,10,51.22222222222222,1
INV003968,6,92.4,1
INV003972,6,84.2,1
INV003975,8,50.142857142857146,1
INV003978,8,68.14285714285714,1
INV003979,8,56.0,1
INV003981,7,67.66666666666667,1
INV003985,6,93.0,1
INV003996,6,95.2,1
INV004001,8,40.285714285714285,1
INV004004,10,40.77777777777778,1
INV004005,7,73.66666666666667,1
INV004007,7,38.833333333333336,1
INV004009,8,62.285714285714285,1
INV004014,9,61.875,1
INV004015,6,88.0,1
INV004017,7,40.5,1
INV004023,10,52.0,1
INV004037,6,74.6,1
INV004038,7,71.66666666666667,1
INV004049,6,48.2,1
INV004063,8,56.57142857142857,1
INV004066,7,75.16666666666667,1
INV004069,6,74.0,1
INV004070,7,67.66666666666667,1
INV004079,7,71.33333333333333,1
INV004085,7,68.33333333333333,1
INV004091,6,73.6,1
INV004094,6,55.8,1
INV004098,6,58.2,1
INV004099,6,58.8,1
INV004106,6,55.8,1
INV004112,6,55.2,1
INV004116,10,54.888888888888886,1
INV004118,6,64.6,1
INV004119,6,73.2,1
INV004123,6,85.0,1
INV004124,6,63.8,1
INV004125,9,61.625,1
INV004127,6,87.6,1
INV004128,6,67.2,1
INV004134,6,35.4,1
INV004135,10,50.111111111111114,1
INV004143,6,97.0,1
INV004145,6,66.2,1
INV004146,6,88.2,1
INV004147,6,72.2,1
INV004149,6,50.2,1
INV004151,8,63.142857142857146,1
INV004153,8,60.0,1
INV004154,12,46.72727272727273,1
INV004172,8,63.0,1
INV004174,6,86.6,1
INV004175,8,67.85714285714286,1
INV004177,8,45.42857142857143,1
INV004179,6,71.2,1
INV004181,6,93.4,1
INV004191,7,77.16666666666667,1
INV004196,7,78.33333333333333,1
INV004199,6,58.2,1
INV004202,9,47.625,1
INV004203,8,66.57142857142857,1
INV004208,6,73.4,1
INV004212,7,69.33333333333333,1
INV004216,7,82.0,1
INV004228,7,72.33333333333333,1
INV004232,6,71.4,1
INV004239,8,61.142857142857146,1
INV004241,10,53.666666666666664,1
INV004243,8,55.714285714285715,1
INV004246,7,34.166666666666664,0
INV004247,6,87.2,1
INV004248,7,42.666666666666664,1
INV004258,7,49.666666666666664,1
INV004266,7,61.833333333333336,1
INV004267,7,53.333333333333336,1
INV004270,7,69.66666666666667,1
INV004271,6,79.8,1
INV004279,8,50.285714285714285,1
INV004281,8,41.714285714285715,1
INV004282,8,52.857142857142854,1
INV004285,7,76.16666666666667,1
INV004288,7,72.83333333333333,1
INV004289,11,45.9,1
INV004293,6,81.8,1
INV004295,9,44.75,1
INV004296,6,102.2,1
INV004297,9,41.875,1
INV004299,8,64.14285714285714,1
INV004306,7,57.0,1
INV004308,7,84.66666666666667,1
INV004314,6,83.0,1
INV004319,9,60.5,1
INV004321,9,42.0,1
INV004324,7,77.66666666666667,1
INV004326,10,40.111111111111114,1
INV004332,8,64.71428571428571,1
INV004335,8,64.42857142857143,1
INV004338,10,48.888888888888886,1
INV004340,6,67.8,1
INV004343,6,63.0,1
INV004348,6,52.2,1
INV004349,7,72.5,1
INV004356,6,30.8,0
INV004357,8,72.42857142857143,1
INV004358,8,45.857142857142854,1
INV004361,8,61.57142857142857,1
INV004364,6,80.6,1
INV004367,6,81.6,1
INV004372,6,59.2,1
INV004391,6,57.0,1
INV004392,6,90.4,1
INV004400,8,46.57142857142857,1
INV004401,8,69.85714285714286,1
INV004403,6,73.6,1
INV004410,11,40.9,1
INV004411,6,61.0,1
INV004412,7,82.33333333333333,1
INV004413,8,69.0,1
INV004414,8,53.857142857142854,1
INV004421,6,90.8,1
INV004427,11,50.8,1
INV004434,6,84.6,1
INV004446,6,65.8,1
INV004447,7,49.833333333333336,1
INV004450,6,61.6,1
INV004451,6,84.0,1
INV004452,7,81.0,1
INV004454,6,98.4,1
INV004455,6,50.0,1
INV004457,6,81.4,1
INV004459,7,53.833333333333336,1
INV004460,9,42.5,1
INV004463,6,94.8,1
INV004464,7,62.5,1
INV004468,7,76.83333333333333,1
INV004472,7,50.666666666666664,1
INV004473,7,73.33333333333333,1
INV004475,7,67.83333333333333,1
INV004477,8,58.714285714285715,1
INV004484,6,61.6,1
INV004502,7,74.5,1
INV004504,8,55.142857142857146,1
INV004511,6,37.2,1
INV004517,6,86.6,1
INV004521,7,54.5,1
INV004523,6,87.2,1
INV004528,7,54.0,1
INV004531,8,60.0,1
INV004533,7,55.0,1
INV004542,7,34.0,0
INV004547,7,67.5,1
INV004555,8,53.142857142857146,1
INV004560,9,48.375,1
INV004562,6,83.8,1
INV004563,7,64.83333333333333,1
INV004574,8,54.57142857142857,1
INV004576,6,63.0,1
INV004579,8,43.857142857142854,1
INV004581,8,72.14285714285714,1
INV004589,6,71.4,1
INV004594,8,59.142857142857146,1
INV004598,6,84.2,1
INV004602,9,59.625,1
INV004607,8,56.0,1
INV004608,8,55.0,1
INV004611,7,51.166666666666664,1
INV004614,6,79.6,1
INV004617,9,39.25,1
INV004621,9,54.25,1
INV004625,6,96.4,1
INV004629,8,64.57142857142857,1
INV004630,9,50.625,1
INV004631,8,64.71428571428571,1
INV004633,7,78.16666666666667,1
INV004635,7,58.666666666666664,1
INV004636,6,75.6,1
INV004638,7,54.333333333333336,1
INV004640,7,68.33333333333333,1
INV004641,6,67.8,1
INV004642,6,54.8,1
INV004643,6,50.6,1
INV004646,7,64.5,1
INV004647,7,70.66666666666667,1
INV004650,6,80.8,1
INV004661,8,69.71428571428571,1
INV004665,6,83.4,1
INV004672,7,72.0,1
INV004680,7,47.166666666666664,1
INV004682,9,42.25,1
INV004688,6,77.6,1
INV004692,6,83.6,1
INV004701,7,20.0,0
INV004704,6,93.8,1
INV004712,8,48.57142857142857,1
INV004715,7,56.833333333333336,1
INV004716,7,74.0,1
INV004737,10,54.55555555555556,1
INV004738,6,93.2,1
INV004741,7,72.33333333333333,1
INV004753,6,61.4,1
INV004755,7,61.166666666666664,1
INV004761,6,71.4,1
INV004763,7,83.5,1
INV004764,6,83.0,1
INV004770,8,72.85714285714286,1
INV004776,9,57.375,1
INV004780,7,69.5,1
INV004785,7,66.16666666666667,1
INV004787,7,72.33333333333333,1
INV004798,7,53.666666666666664,1
INV004804,6,79.2,1
INV004805,7,44.666666666666664,1
INV004807,8,36.857142857142854,1
INV004813,6,62.0,1
INV004819,7,62.0,1
INV004825,7,70.0,1
INV004833,6,65.4,1
INV004834,9,38.625,1
INV004840,7,41.0,1
INV004843,8,50.857142857142854,1
INV004844,7,66.66666666666667,1
INV004845,6,81.8,1
INV004847,7,73.5,1
INV004848,9,54.125,1
INV004860,6,78.4,1
INV004863,7,68.0,1
INV004864,8,43.285714285714285,1
INV004865,7,76.33333333333333,1
INV004868,8,56.0,1
INV004871,8,69.14285714285714,1
INV004877,7,80.5,1
INV004889,7,70.66666666666667,1
INV004891,8,55.857142857142854,1
INV004896,6,79.4,1
INV004901,6,54.6,1
INV004911,7,63.666666666666664,1
INV004913,6,87.0,1
INV004916,7,75.5,1
INV004917,7,51.0,1
INV004924,9,59.75,1
INV004925,7,70.83333333333333,1
INV004926,8,66.28571428571429,1
INV004927,7,34.166666666666664,0
INV004947,6,45.0,1
INV004953,7,67.16666666666667,1
INV004956,8,59.142857142857146,1
INV004958,7,73.16666666666667,1
INV004959,6,68.6,1
INV004967,6,63.2,1
INV004973,9,55.0,1
INV004974,8,52.42857142857143,1
INV004978,7,63.833333333333336,1
INV004981,8,49.142857142857146,1
INV004983,7,57.666666666666664,1
INV004984,7,75.33333333333333,1
INV004986,7,81.33333333333333,1
INV004992,7,81.5,1
INV004996,10,46.333333333333336,1
INV004997,7,71.0,1
